0,rank_prestige_0,rank_prestige_1,rank_prestige_2,rank_prestige_3,rank_prestige_4,rank_prestige_5,rank_prestige_6,rank_prestige_7,rank_prestige_8,rank_prestige_9,rank_prestige_10,rank_prestige_11,rank_prestige_12,rank_prestige_13,rank_prestige_14,rank_prestige_15,rank_prestige_16,rank_prestige_17,rank_prestige_18,rank_prestige_19,rank_prestige_20,rank_prestige_21,rank_prestige_22,rank_prestige_23,rank_prestige_24,rank_prestige_25,rank_prestige_26,rank_prestige_27,rank_prestige_28,rank_prestige_29,rank_prestige_30
1,rank_prestige_0,rank_prestige_1,rank_prestige_2,rank_prestige_3,rank_prestige_4,rank_prestige_5,rank_prestige_6,rank_prestige_7,rank_prestige_8,rank_prestige_9,rank_prestige_10,rank_prestige_11,rank_prestige_12,rank_prestige_13,rank_prestige_14,rank_prestige_15,rank_prestige_16,rank_prestige_17,rank_prestige_18,rank_prestige_19,rank_prestige_20,rank_prestige_21,rank_prestige_22,rank_prestige_23,rank_prestige_24,rank_prestige_25,rank_prestige_26,rank_prestige_27,rank_prestige_28,rank_prestige_29,rank_prestige_30
2,rank_prestige_0,rank_prestige_1,rank_prestige_2,rank_prestige_3,rank_prestige_4,rank_prestige_5,rank_prestige_6,rank_prestige_7,rank_prestige_8,rank_prestige_9,rank_prestige_10,rank_prestige_11,rank_prestige_12,rank_prestige_13,rank_prestige_14,rank_prestige_15,rank_prestige_16,rank_prestige_17,rank_prestige_18,rank_prestige_19,rank_prestige_20,rank_prestige_21,rank_prestige_22,rank_prestige_23,rank_prestige_24,rank_prestige_25,rank_prestige_26,rank_prestige_27,rank_prestige_28,rank_prestige_29,rank_prestige_30
3,rank_prestige_0,rank_prestige_1,rank_prestige_2,rank_prestige_3,rank_prestige_4,rank_prestige_5,rank_prestige_6,rank_prestige_7,rank_prestige_8,rank_prestige_9,rank_prestige_10,rank_prestige_11,rank_prestige_12,rank_prestige_13,rank_prestige_14,rank_prestige_15,rank_prestige_16,rank_prestige_17,rank_prestige_18,rank_prestige_19,rank_prestige_20,rank_prestige_21,rank_prestige_22,rank_prestige_23,rank_prestige_24,rank_prestige_25,rank_prestige_26,rank_prestige_27,rank_prestige_28,rank_prestige_29,rank_prestige_30
4,rank_prestige_0,rank_prestige_1,rank_prestige_2,rank_prestige_3,rank_prestige_4,rank_prestige_5,rank_prestige_6,rank_prestige_7,rank_prestige_8,rank_prestige_9,rank_prestige_10,rank_prestige_11,rank_prestige_12,rank_prestige_13,rank_prestige_14,rank_prestige_15,rank_prestige_16,rank_prestige_17,rank_prestige_18,rank_prestige_19,rank_prestige_20,rank_prestige_21,rank_prestige_22,rank_prestige_23,rank_prestige_24,rank_prestige_25,rank_prestige_26,rank_prestige_27,rank_prestige_28,rank_prestige_29,rank_prestige_30
5,rank_prestige_0,rank_prestige_1,rank_prestige_2,rank_prestige_3,rank_prestige_4,rank_prestige_5,rank_prestige_6,rank_prestige_7,rank_prestige_8,rank_prestige_9,rank_prestige_10,rank_prestige_11,rank_prestige_12,rank_prestige_13,rank_prestige_14,rank_prestige_15,rank_prestige_16,rank_prestige_17,rank_prestige_18,rank_prestige_19,rank_prestige_20,rank_prestige_21,rank_prestige_22,rank_prestige_23,rank_prestige_24,rank_prestige_25,rank_prestige_26,rank_prestige_27,rank_prestige_28,rank_prestige_29,rank_prestige_30
6,rank_prestige_0,rank_prestige_1,rank_prestige_2,rank_prestige_3,rank_prestige_4,rank_prestige_5,rank_prestige_6,rank_prestige_7,rank_prestige_8,rank_prestige_9,rank_prestige_10,rank_prestige_11,rank_prestige_12,rank_prestige_13,rank_prestige_14,rank_prestige_15,rank_prestige_16,rank_prestige_17,rank_prestige_18,rank_prestige_19,rank_prestige_20,rank_prestige_21,rank_prestige_22,rank_prestige_23,rank_prestige_24,rank_prestige_25,rank_prestige_26,rank_prestige_27,rank_prestige_28,rank_prestige_29,rank_prestige_30
7,rank_prestige_0,rank_prestige_1,rank_prestige_2,rank_prestige_3,rank_prestige_4,rank_prestige_5,rank_prestige_6,rank_prestige_7,rank_prestige_8,rank_prestige_9,rank_prestige_10,rank_prestige_11,rank_prestige_12,rank_prestige_13,rank_prestige_14,rank_prestige_15,rank_prestige_16,rank_prestige_17,rank_prestige_18,rank_prestige_19,rank_prestige_20,rank_prestige_21,rank_prestige_22,rank_prestige_23,rank_prestige_24,rank_prestige_25,rank_prestige_26,rank_prestige_27,rank_prestige_28,rank_prestige_29,rank_prestige_30
8,rank_prestige_0,rank_prestige_1,rank_prestige_2,rank_prestige_3,rank_prestige_4,rank_prestige_5,rank_prestige_6,rank_prestige_7,rank_prestige_8,rank_prestige_9,rank_prestige_10,rank_prestige_11,rank_prestige_12,rank_prestige_13,rank_prestige_14,rank_prestige_15,rank_prestige_16,rank_prestige_17,rank_prestige_18,rank_prestige_19,rank_prestige_20,rank_prestige_21,rank_prestige_22,rank_prestige_23,rank_prestige_24,rank_prestige_25,rank_prestige_26,rank_prestige_27,rank_prestige_28,rank_prestige_29,rank_prestige_30
9,rank_prestige_0,rank_prestige_1,rank_prestige_2,rank_prestige_3,rank_prestige_4,rank_prestige_5,rank_prestige_6,rank_prestige_7,rank_prestige_8,rank_prestige_9,rank_prestige_10,rank_prestige_11,rank_prestige_12,rank_prestige_13,rank_prestige_14,rank_prestige_15,rank_prestige_16,rank_prestige_17,rank_prestige_18,rank_prestige_19,rank_prestige_20,rank_prestige_21,rank_prestige_22,rank_prestige_23,rank_prestige_24,rank_prestige_25,rank_prestige_26,rank_prestige_27,rank_prestige_28,rank_prestige_29,rank_prestige_30
10,rank_prestige_0,rank_prestige_1,rank_prestige_2,rank_prestige_3,rank_prestige_4,rank_prestige_5,rank_prestige_6,rank_prestige_7,rank_prestige_8,rank_prestige_9,rank_prestige_10,rank_prestige_11,rank_prestige_12,rank_prestige_13,rank_prestige_14,rank_prestige_15,rank_prestige_16,rank_prestige_17,rank_prestige_18,rank_prestige_19,rank_prestige_20,rank_prestige_21,rank_prestige_22,rank_prestige_23,rank_prestige_24,rank_prestige_25,rank_prestige_26,rank_prestige_27,rank_prestige_28,rank_prestige_29,rank_prestige_30
11,rank_prestige_0,rank_prestige_1,rank_prestige_2,rank_prestige_3,rank_prestige_4,rank_prestige_5,rank_prestige_6,rank_prestige_7,rank_prestige_8,rank_prestige_9,rank_prestige_10,rank_prestige_11,rank_prestige_12,rank_prestige_13,rank_prestige_14,rank_prestige_15,rank_prestige_16,rank_prestige_17,rank_prestige_18,rank_prestige_19,rank_prestige_20,rank_prestige_21,rank_prestige_22,rank_prestige_23,rank_prestige_24,rank_prestige_25,rank_prestige_26,rank_prestige_27,rank_prestige_28,rank_prestige_29,rank_prestige_30
12,rank_prestige_0,rank_prestige_1,rank_prestige_2,rank_prestige_3,rank_prestige_4,rank_prestige_5,rank_prestige_6,rank_prestige_7,rank_prestige_8,rank_prestige_9,rank_prestige_10,rank_prestige_11,rank_prestige_12,rank_prestige_13,rank_prestige_14,rank_prestige_15,rank_prestige_16,rank_prestige_17,rank_prestige_18,rank_prestige_19,rank_prestige_20,rank_prestige_21,rank_prestige_22,rank_prestige_23,rank_prestige_24,rank_prestige_25,rank_prestige_26,rank_prestige_27,rank_prestige_28,rank_prestige_29,rank_prestige_30
13,rank_prestige_0,rank_prestige_1,rank_prestige_2,rank_prestige_3,rank_prestige_4,rank_prestige_5,rank_prestige_6,rank_prestige_7,rank_prestige_8,rank_prestige_9,rank_prestige_10,rank_prestige_11,rank_prestige_12,rank_prestige_13,rank_prestige_14,rank_prestige_15,rank_prestige_16,rank_prestige_17,rank_prestige_18,rank_prestige_19,rank_prestige_20,rank_prestige_21,rank_prestige_22,rank_prestige_23,rank_prestige_24,rank_prestige_25,rank_prestige_26,rank_prestige_27,rank_prestige_28,rank_prestige_29,rank_prestige_30
14,rank_prestige_0,rank_prestige_1,rank_prestige_2,rank_prestige_3,rank_prestige_4,rank_prestige_5,rank_prestige_6,rank_prestige_7,rank_prestige_8,rank_prestige_9,rank_prestige_10,rank_prestige_11,rank_prestige_12,rank_prestige_13,rank_prestige_14,rank_prestige_15,rank_prestige_16,rank_prestige_17,rank_prestige_18,rank_prestige_19,rank_prestige_20,rank_prestige_21,rank_prestige_22,rank_prestige_23,rank_prestige_24,rank_prestige_25,rank_prestige_26,rank_prestige_27,rank_prestige_28,rank_prestige_29,rank_prestige_30
15,rank_prestige_0,rank_prestige_1,rank_prestige_2,rank_prestige_3,rank_prestige_4,rank_prestige_5,rank_prestige_6,rank_prestige_7,rank_prestige_8,rank_prestige_9,rank_prestige_10,rank_prestige_11,rank_prestige_12,rank_prestige_13,rank_prestige_14,rank_prestige_15,rank_prestige_16,rank_prestige_17,rank_prestige_18,rank_prestige_19,rank_prestige_20,rank_prestige_21,rank_prestige_22,rank_prestige_23,rank_prestige_24,rank_prestige_25,rank_prestige_26,rank_prestige_27,rank_prestige_28,rank_prestige_29,rank_prestige_30
16,rank_prestige_0,rank_prestige_1,rank_prestige_2,rank_prestige_3,rank_prestige_4,rank_prestige_5,rank_prestige_6,rank_prestige_7,rank_prestige_8,rank_prestige_9,rank_prestige_10,rank_prestige_11,rank_prestige_12,rank_prestige_13,rank_prestige_14,rank_prestige_15,rank_prestige_16,rank_prestige_17,rank_prestige_18,rank_prestige_19,rank_prestige_20,rank_prestige_21,rank_prestige_22,rank_prestige_23,rank_prestige_24,rank_prestige_25,rank_prestige_26,rank_prestige_27,rank_prestige_28,rank_prestige_29,rank_prestige_30
17,rank_prestige_0,rank_prestige_1,rank_prestige_2,rank_prestige_3,rank_prestige_4,rank_prestige_5,rank_prestige_6,rank_prestige_7,rank_prestige_8,rank_prestige_9,rank_prestige_10,rank_prestige_11,rank_prestige_12,rank_prestige_13,rank_prestige_14,rank_prestige_15,rank_prestige_16,rank_prestige_17,rank_prestige_18,rank_prestige_19,rank_prestige_20,rank_prestige_21,rank_prestige_22,rank_prestige_23,rank_prestige_24,rank_prestige_25,rank_prestige_26,rank_prestige_27,rank_prestige_28,rank_prestige_29,rank_prestige_30
18,rank_prestige_0,rank_prestige_1,rank_prestige_2,rank_prestige_3,rank_prestige_4,rank_prestige_5,rank_prestige_6,rank_prestige_7,rank_prestige_8,rank_prestige_9,rank_prestige_10,rank_prestige_11,rank_prestige_12,rank_prestige_13,rank_prestige_14,rank_prestige_15,rank_prestige_16,rank_prestige_17,rank_prestige_18,rank_prestige_19,rank_prestige_20,rank_prestige_21,rank_prestige_22,rank_prestige_23,rank_prestige_24,rank_prestige_25,rank_prestige_26,rank_prestige_27,rank_prestige_28,rank_prestige_29,rank_prestige_30
19,rank_prestige_0,rank_prestige_1,rank_prestige_2,rank_prestige_3,rank_prestige_4,rank_prestige_5,rank_prestige_6,rank_prestige_7,rank_prestige_8,rank_prestige_9,rank_prestige_10,rank_prestige_11,rank_prestige_12,rank_prestige_13,rank_prestige_14,rank_prestige_15,rank_prestige_16,rank_prestige_17,rank_prestige_18,rank_prestige_19,rank_prestige_20,rank_prestige_21,rank_prestige_22,rank_prestige_23,rank_prestige_24,rank_prestige_25,rank_prestige_26,rank_prestige_27,rank_prestige_28,rank_prestige_29,rank_prestige_30
20,rank_prestige_0,rank_prestige_1,rank_prestige_2,rank_prestige_3,rank_prestige_4,rank_prestige_5,rank_prestige_6,rank_prestige_7,rank_prestige_8,rank_prestige_9,rank_prestige_10,rank_prestige_11,rank_prestige_12,rank_prestige_13,rank_prestige_14,rank_prestige_15,rank_prestige_16,rank_prestige_17,rank_prestige_18,rank_prestige_19,rank_prestige_20,rank_prestige_21,rank_prestige_22,rank_prestige_23,rank_prestige_24,rank_prestige_25,rank_prestige_26,rank_prestige_27,rank_prestige_28,rank_prestige_29,rank_prestige_30
21,rank_prestige_0,rank_prestige_1,rank_prestige_2,rank_prestige_3,rank_prestige_4,rank_prestige_5,rank_prestige_6,rank_prestige_7,rank_prestige_8,rank_prestige_9,rank_prestige_10,rank_prestige_11,rank_prestige_12,rank_prestige_13,rank_prestige_14,rank_prestige_15,rank_prestige_16,rank_prestige_17,rank_prestige_18,rank_prestige_19,rank_prestige_20,rank_prestige_21,rank_prestige_22,rank_prestige_23,rank_prestige_24,rank_prestige_25,rank_prestige_26,rank_prestige_27,rank_prestige_28,rank_prestige_29,rank_prestige_30
22,rank_prestige_0,rank_prestige_1,rank_prestige_2,rank_prestige_3,rank_prestige_4,rank_prestige_5,rank_prestige_6,rank_prestige_7,rank_prestige_8,rank_prestige_9,rank_prestige_10,rank_prestige_11,rank_prestige_12,rank_prestige_13,rank_prestige_14,rank_prestige_15,rank_prestige_16,rank_prestige_17,rank_prestige_18,rank_prestige_19,rank_prestige_20,rank_prestige_21,rank_prestige_22,rank_prestige_23,rank_prestige_24,rank_prestige_25,rank_prestige_26,rank_prestige_27,rank_prestige_28,rank_prestige_29,rank_prestige_30
23,rank_prestige_0,rank_prestige_1,rank_prestige_2,rank_prestige_3,rank_prestige_4,rank_prestige_5,rank_prestige_6,rank_prestige_7,rank_prestige_8,rank_prestige_9,rank_prestige_10,rank_prestige_11,rank_prestige_12,rank_prestige_13,rank_prestige_14,rank_prestige_15,rank_prestige_16,rank_prestige_17,rank_prestige_18,rank_prestige_19,rank_prestige_20,rank_prestige_21,rank_prestige_22,rank_prestige_23,rank_prestige_24,rank_prestige_25,rank_prestige_26,rank_prestige_27,rank_prestige_28,rank_prestige_29,rank_prestige_30
24,rank_prestige_0,rank_prestige_1,rank_prestige_2,rank_prestige_3,rank_prestige_4,rank_prestige_5,rank_prestige_6,rank_prestige_7,rank_prestige_8,rank_prestige_9,rank_prestige_10,rank_prestige_11,rank_prestige_12,rank_prestige_13,rank_prestige_14,rank_prestige_15,rank_prestige_16,rank_prestige_17,rank_prestige_18,rank_prestige_19,rank_prestige_20,rank_prestige_21,rank_prestige_22,rank_prestige_23,rank_prestige_24,rank_prestige_25,rank_prestige_26,rank_prestige_27,rank_prestige_28,rank_prestige_29,rank_prestige_30
25,rank_prestige_0,rank_prestige_1,rank_prestige_2,rank_prestige_3,rank_prestige_4,rank_prestige_5,rank_prestige_6,rank_prestige_7,rank_prestige_8,rank_prestige_9,rank_prestige_10,rank_prestige_11,rank_prestige_12,rank_prestige_13,rank_prestige_14,rank_prestige_15,rank_prestige_16,rank_prestige_17,rank_prestige_18,rank_prestige_19,rank_prestige_20,rank_prestige_21,rank_prestige_22,rank_prestige_23,rank_prestige_24,rank_prestige_25,rank_prestige_26,rank_prestige_27,rank_prestige_28,rank_prestige_29,rank_prestige_30
26,rank_prestige_0,rank_prestige_1,rank_prestige_2,rank_prestige_3,rank_prestige_4,rank_prestige_5,rank_prestige_6,rank_prestige_7,rank_prestige_8,rank_prestige_9,rank_prestige_10,rank_prestige_11,rank_prestige_12,rank_prestige_13,rank_prestige_14,rank_prestige_15,rank_prestige_16,rank_prestige_17,rank_prestige_18,rank_prestige_19,rank_prestige_20,rank_prestige_21,rank_prestige_22,rank_prestige_23,rank_prestige_24,rank_prestige_25,rank_prestige_26,rank_prestige_27,rank_prestige_28,rank_prestige_29,rank_prestige_30
27,rank_prestige_0,rank_prestige_1,rank_prestige_2,rank_prestige_3,rank_prestige_4,rank_prestige_5,rank_prestige_6,rank_prestige_7,rank_prestige_8,rank_prestige_9,rank_prestige_10,rank_prestige_11,rank_prestige_12,rank_prestige_13,rank_prestige_14,rank_prestige_15,rank_prestige_16,rank_prestige_17,rank_prestige_18,rank_prestige_19,rank_prestige_20,rank_prestige_21,rank_prestige_22,rank_prestige_23,rank_prestige_24,rank_prestige_25,rank_prestige_26,rank_prestige_27,rank_prestige_28,rank_prestige_29,rank_prestige_30
28,rank_prestige_0,rank_prestige_1,rank_prestige_2,rank_prestige_3,rank_prestige_4,rank_prestige_5,rank_prestige_6,rank_prestige_7,rank_prestige_8,rank_prestige_9,rank_prestige_10,rank_prestige_11,rank_prestige_12,rank_prestige_13,rank_prestige_14,rank_prestige_15,rank_prestige_16,rank_prestige_17,rank_prestige_18,rank_prestige_19,rank_prestige_20,rank_prestige_21,rank_prestige_22,rank_prestige_23,rank_prestige_24,rank_prestige_25,rank_prestige_26,rank_prestige_27,rank_prestige_28,rank_prestige_29,rank_prestige_30
29,rank_prestige_0,rank_prestige_1,rank_prestige_2,rank_prestige_3,rank_prestige_4,rank_prestige_5,rank_prestige_6,rank_prestige_7,rank_prestige_8,rank_prestige_9,rank_prestige_10,rank_prestige_11,rank_prestige_12,rank_prestige_13,rank_prestige_14,rank_prestige_15,rank_prestige_16,rank_prestige_17,rank_prestige_18,rank_prestige_19,rank_prestige_20,rank_prestige_21,rank_prestige_22,rank_prestige_23,rank_prestige_24,rank_prestige_25,rank_prestige_26,rank_prestige_27,rank_prestige_28,rank_prestige_29,rank_prestige_30
30,rank_prestige_0,rank_prestige_1,rank_prestige_2,rank_prestige_3,rank_prestige_4,rank_prestige_5,rank_prestige_6,rank_prestige_7,rank_prestige_8,rank_prestige_9,rank_prestige_10,rank_prestige_11,rank_prestige_12,rank_prestige_13,rank_prestige_14,rank_prestige_15,rank_prestige_16,rank_prestige_17,rank_prestige_18,rank_prestige_19,rank_prestige_20,rank_prestige_21,rank_prestige_22,rank_prestige_23,rank_prestige_24,rank_prestige_25,rank_prestige_26,rank_prestige_27,rank_prestige_28,rank_prestige_29,rank_prestige_30
31,rank_prestige_0,rank_prestige_1,rank_prestige_2,rank_prestige_3,rank_prestige_4,rank_prestige_5,rank_prestige_6,rank_prestige_7,rank_prestige_8,rank_prestige_9,rank_prestige_10,rank_prestige_11,rank_prestige_12,rank_prestige_13,rank_prestige_14,rank_prestige_15,rank_prestige_16,rank_prestige_17,rank_prestige_18,rank_prestige_19,rank_prestige_20,rank_prestige_21,rank_prestige_22,rank_prestige_23,rank_prestige_24,rank_prestige_25,rank_prestige_26,rank_prestige_27,rank_prestige_28,rank_prestige_29,rank_prestige_30
32,rank_prestige_0,rank_prestige_1,rank_prestige_2,rank_prestige_3,rank_prestige_4,rank_prestige_5,rank_prestige_6,rank_prestige_7,rank_prestige_8,rank_prestige_9,rank_prestige_10,rank_prestige_11,rank_prestige_12,rank_prestige_13,rank_prestige_14,rank_prestige_15,rank_prestige_16,rank_prestige_17,rank_prestige_18,rank_prestige_19,rank_prestige_20,rank_prestige_21,rank_prestige_22,rank_prestige_23,rank_prestige_24,rank_prestige_25,rank_prestige_26,rank_prestige_27,rank_prestige_28,rank_prestige_29,rank_prestige_30
33,rank_prestige_0,rank_prestige_1,rank_prestige_2,rank_prestige_3,rank_prestige_4,rank_prestige_5,rank_prestige_6,rank_prestige_7,rank_prestige_8,rank_prestige_9,rank_prestige_10,rank_prestige_11,rank_prestige_12,rank_prestige_13,rank_prestige_14,rank_prestige_15,rank_prestige_16,rank_prestige_17,rank_prestige_18,rank_prestige_19,rank_prestige_20,rank_prestige_21,rank_prestige_22,rank_prestige_23,rank_prestige_24,rank_prestige_25,rank_prestige_26,rank_prestige_27,rank_prestige_28,rank_prestige_29,rank_prestige_30
34,rank_prestige_0,rank_prestige_1,rank_prestige_2,rank_prestige_3,rank_prestige_4,rank_prestige_5,rank_prestige_6,rank_prestige_7,rank_prestige_8,rank_prestige_9,rank_prestige_10,rank_prestige_11,rank_prestige_12,rank_prestige_13,rank_prestige_14,rank_prestige_15,rank_prestige_16,rank_prestige_17,rank_prestige_18,rank_prestige_19,rank_prestige_20,rank_prestige_21,rank_prestige_22,rank_prestige_23,rank_prestige_24,rank_prestige_25,rank_prestige_26,rank_prestige_27,rank_prestige_28,rank_prestige_29,rank_prestige_30
35,rank_prestige_0,rank_prestige_1,rank_prestige_2,rank_prestige_3,rank_prestige_4,rank_prestige_5,rank_prestige_6,rank_prestige_7,rank_prestige_8,rank_prestige_9,rank_prestige_10,rank_prestige_11,rank_prestige_12,rank_prestige_13,rank_prestige_14,rank_prestige_15,rank_prestige_16,rank_prestige_17,rank_prestige_18,rank_prestige_19,rank_prestige_20,rank_prestige_21,rank_prestige_22,rank_prestige_23,rank_prestige_24,rank_prestige_25,rank_prestige_26,rank_prestige_27,rank_prestige_28,rank_prestige_29,rank_prestige_30
36,rank_prestige_0,rank_prestige_1,rank_prestige_2,rank_prestige_3,rank_prestige_4,rank_prestige_5,rank_prestige_6,rank_prestige_7,rank_prestige_8,rank_prestige_9,rank_prestige_10,rank_prestige_11,rank_prestige_12,rank_prestige_13,rank_prestige_14,rank_prestige_15,rank_prestige_16,rank_prestige_17,rank_prestige_18,rank_prestige_19,rank_prestige_20,rank_prestige_21,rank_prestige_22,rank_prestige_23,rank_prestige_24,rank_prestige_25,rank_prestige_26,rank_prestige_27,rank_prestige_28,rank_prestige_29,rank_prestige_30
37,rank_prestige_0,rank_prestige_1,rank_prestige_2,rank_prestige_3,rank_prestige_4,rank_prestige_5,rank_prestige_6,rank_prestige_7,rank_prestige_8,rank_prestige_9,rank_prestige_10,rank_prestige_11,rank_prestige_12,rank_prestige_13,rank_prestige_14,rank_prestige_15,rank_prestige_16,rank_prestige_17,rank_prestige_18,rank_prestige_19,rank_prestige_20,rank_prestige_21,rank_prestige_22,rank_prestige_23,rank_prestige_24,rank_prestige_25,rank_prestige_26,rank_prestige_27,rank_prestige_28,rank_prestige_29,rank_prestige_30
38,rank_prestige_0,rank_prestige_1,rank_prestige_2,rank_prestige_3,rank_prestige_4,rank_prestige_5,rank_prestige_6,rank_prestige_7,rank_prestige_8,rank_prestige_9,rank_prestige_10,rank_prestige_11,rank_prestige_12,rank_prestige_13,rank_prestige_14,rank_prestige_15,rank_prestige_16,rank_prestige_17,rank_prestige_18,rank_prestige_19,rank_prestige_20,rank_prestige_21,rank_prestige_22,rank_prestige_23,rank_prestige_24,rank_prestige_25,rank_prestige_26,rank_prestige_27,rank_prestige_28,rank_prestige_29,rank_prestige_30
39,rank_prestige_0,rank_prestige_1,rank_prestige_2,rank_prestige_3,rank_prestige_4,rank_prestige_5,rank_prestige_6,rank_prestige_7,rank_prestige_8,rank_prestige_9,rank_prestige_10,rank_prestige_11,rank_prestige_12,rank_prestige_13,rank_prestige_14,rank_prestige_15,rank_prestige_16,rank_prestige_17,rank_prestige_18,rank_prestige_19,rank_prestige_20,rank_prestige_21,rank_prestige_22,rank_prestige_23,rank_prestige_24,rank_prestige_25,rank_prestige_26,rank_prestige_27,rank_prestige_28,rank_prestige_29,rank_prestige_30
40,rank_prestige_0,rank_prestige_1,rank_prestige_2,rank_prestige_3,rank_prestige_4,rank_prestige_5,rank_prestige_6,rank_prestige_7,rank_prestige_8,rank_prestige_9,rank_prestige_10,rank_prestige_11,rank_prestige_12,rank_prestige_13,rank_prestige_14,rank_prestige_15,rank_prestige_16,rank_prestige_17,rank_prestige_18,rank_prestige_19,rank_prestige_20,rank_prestige_21,rank_prestige_22,rank_prestige_23,rank_prestige_24,rank_prestige_25,rank_prestige_26,rank_prestige_27,rank_prestige_28,rank_prestige_29,rank_prestige_30
41,rank_prestige_0,rank_prestige_1,rank_prestige_2,rank_prestige_3,rank_prestige_4,rank_prestige_5,rank_prestige_6,rank_prestige_7,rank_prestige_8,rank_prestige_9,rank_prestige_10,rank_prestige_11,rank_prestige_12,rank_prestige_13,rank_prestige_14,rank_prestige_15,rank_prestige_16,rank_prestige_17,rank_prestige_18,rank_prestige_19,rank_prestige_20,rank_prestige_21,rank_prestige_22,rank_prestige_23,rank_prestige_24,rank_prestige_25,rank_prestige_26,rank_prestige_27,rank_prestige_28,rank_prestige_29,rank_prestige_30
42,rank_prestige_0,rank_prestige_1,rank_prestige_2,rank_prestige_3,rank_prestige_4,rank_prestige_5,rank_prestige_6,rank_prestige_7,rank_prestige_8,rank_prestige_9,rank_prestige_10,rank_prestige_11,rank_prestige_12,rank_prestige_13,rank_prestige_14,rank_prestige_15,rank_prestige_16,rank_prestige_17,rank_prestige_18,rank_prestige_19,rank_prestige_20,rank_prestige_21,rank_prestige_22,rank_prestige_23,rank_prestige_24,rank_prestige_25,rank_prestige_26,rank_prestige_27,rank_prestige_28,rank_prestige_29,rank_prestige_30
43,rank_prestige_0,rank_prestige_1,rank_prestige_2,rank_prestige_3,rank_prestige_4,rank_prestige_5,rank_prestige_6,rank_prestige_7,rank_prestige_8,rank_prestige_9,rank_prestige_10,rank_prestige_11,rank_prestige_12,rank_prestige_13,rank_prestige_14,rank_prestige_15,rank_prestige_16,rank_prestige_17,rank_prestige_18,rank_prestige_19,rank_prestige_20,rank_prestige_21,rank_prestige_22,rank_prestige_23,rank_prestige_24,rank_prestige_25,rank_prestige_26,rank_prestige_27,rank_prestige_28,rank_prestige_29,rank_prestige_30
44,rank_prestige_0,rank_prestige_1,rank_prestige_2,rank_prestige_3,rank_prestige_4,rank_prestige_5,rank_prestige_6,rank_prestige_7,rank_prestige_8,rank_prestige_9,rank_prestige_10,rank_prestige_11,rank_prestige_12,rank_prestige_13,rank_prestige_14,rank_prestige_15,rank_prestige_16,rank_prestige_17,rank_prestige_18,rank_prestige_19,rank_prestige_20,rank_prestige_21,rank_prestige_22,rank_prestige_23,rank_prestige_24,rank_prestige_25,rank_prestige_26,rank_prestige_27,rank_prestige_28,rank_prestige_29,rank_prestige_30
45,rank_prestige_0,rank_prestige_1,rank_prestige_2,rank_prestige_3,rank_prestige_4,rank_prestige_5,rank_prestige_6,rank_prestige_7,rank_prestige_8,rank_prestige_9,rank_prestige_10,rank_prestige_11,rank_prestige_12,rank_prestige_13,rank_prestige_14,rank_prestige_15,rank_prestige_16,rank_prestige_17,rank_prestige_18,rank_prestige_19,rank_prestige_20,rank_prestige_21,rank_prestige_22,rank_prestige_23,rank_prestige_24,rank_prestige_25,rank_prestige_26,rank_prestige_27,rank_prestige_28,rank_prestige_29,rank_prestige_30
46,rank_prestige_0,rank_prestige_1,rank_prestige_2,rank_prestige_3,rank_prestige_4,rank_prestige_5,rank_prestige_6,rank_prestige_7,rank_prestige_8,rank_prestige_9,rank_prestige_10,rank_prestige_11,rank_prestige_12,rank_prestige_13,rank_prestige_14,rank_prestige_15,rank_prestige_16,rank_prestige_17,rank_prestige_18,rank_prestige_19,rank_prestige_20,rank_prestige_21,rank_prestige_22,rank_prestige_23,rank_prestige_24,rank_prestige_25,rank_prestige_26,rank_prestige_27,rank_prestige_28,rank_prestige_29,rank_prestige_30
47,rank_prestige_0,rank_prestige_1,rank_prestige_2,rank_prestige_3,rank_prestige_4,rank_prestige_5,rank_prestige_6,rank_prestige_7,rank_prestige_8,rank_prestige_9,rank_prestige_10,rank_prestige_11,rank_prestige_12,rank_prestige_13,rank_prestige_14,rank_prestige_15,rank_prestige_16,rank_prestige_17,rank_prestige_18,rank_prestige_19,rank_prestige_20,rank_prestige_21,rank_prestige_22,rank_prestige_23,rank_prestige_24,rank_prestige_25,rank_prestige_26,rank_prestige_27,rank_prestige_28,rank_prestige_29,rank_prestige_30
48,rank_prestige_0,rank_prestige_1,rank_prestige_2,rank_prestige_3,rank_prestige_4,rank_prestige_5,rank_prestige_6,rank_prestige_7,rank_prestige_8,rank_prestige_9,rank_prestige_10,rank_prestige_11,rank_prestige_12,rank_prestige_13,rank_prestige_14,rank_prestige_15,rank_prestige_16,rank_prestige_17,rank_prestige_18,rank_prestige_19,rank_prestige_20,rank_prestige_21,rank_prestige_22,rank_prestige_23,rank_prestige_24,rank_prestige_25,rank_prestige_26,rank_prestige_27,rank_prestige_28,rank_prestige_29,rank_prestige_30
49,rank_prestige_0,rank_prestige_1,rank_prestige_2,rank_prestige_3,rank_prestige_4,rank_prestige_5,rank_prestige_6,rank_prestige_7,rank_prestige_8,rank_prestige_9,rank_prestige_10,rank_prestige_11,rank_prestige_12,rank_prestige_13,rank_prestige_14,rank_prestige_15,rank_prestige_16,rank_prestige_17,rank_prestige_18,rank_prestige_19,rank_prestige_20,rank_prestige_21,rank_prestige_22,rank_prestige_23,rank_prestige_24,rank_prestige_25,rank_prestige_26,rank_prestige_27,rank_prestige_28,rank_prestige_29,rank_prestige_30
50,rank_prestige_0,rank_prestige_1,rank_prestige_2,rank_prestige_3,rank_prestige_4,rank_prestige_5,rank_prestige_6,rank_prestige_7,rank_prestige_8,rank_prestige_9,rank_prestige_10,rank_prestige_11,rank_prestige_12,rank_prestige_13,rank_prestige_14,rank_prestige_15,rank_prestige_16,rank_prestige_17,rank_prestige_18,rank_prestige_19,rank_prestige_20,rank_prestige_21,rank_prestige_22,rank_prestige_23,rank_prestige_24,rank_prestige_25,rank_prestige_26,rank_prestige_27,rank_prestige_28,rank_prestige_29,rank_prestige_30
51,rank_prestige_0,rank_prestige_1,rank_prestige_2,rank_prestige_3,rank_prestige_4,rank_prestige_5,rank_prestige_6,rank_prestige_7,rank_prestige_8,rank_prestige_9,rank_prestige_10,rank_prestige_11,rank_prestige_12,rank_prestige_13,rank_prestige_14,rank_prestige_15,rank_prestige_16,rank_prestige_17,rank_prestige_18,rank_prestige_19,rank_prestige_20,rank_prestige_21,rank_prestige_22,rank_prestige_23,rank_prestige_24,rank_prestige_25,rank_prestige_26,rank_prestige_27,rank_prestige_28,rank_prestige_29,rank_prestige_30
52,rank_prestige_0,rank_prestige_1,rank_prestige_2,rank_prestige_3,rank_prestige_4,rank_prestige_5,rank_prestige_6,rank_prestige_7,rank_prestige_8,rank_prestige_9,rank_prestige_10,rank_prestige_11,rank_prestige_12,rank_prestige_13,rank_prestige_14,rank_prestige_15,rank_prestige_16,rank_prestige_17,rank_prestige_18,rank_prestige_19,rank_prestige_20,rank_prestige_21,rank_prestige_22,rank_prestige_23,rank_prestige_24,rank_prestige_25,rank_prestige_26,rank_prestige_27,rank_prestige_28,rank_prestige_29,rank_prestige_30
53,rank_prestige_0,rank_prestige_1,rank_prestige_2,rank_prestige_3,rank_prestige_4,rank_prestige_5,rank_prestige_6,rank_prestige_7,rank_prestige_8,rank_prestige_9,rank_prestige_10,rank_prestige_11,rank_prestige_12,rank_prestige_13,rank_prestige_14,rank_prestige_15,rank_prestige_16,rank_prestige_17,rank_prestige_18,rank_prestige_19,rank_prestige_20,rank_prestige_21,rank_prestige_22,rank_prestige_23,rank_prestige_24,rank_prestige_25,rank_prestige_26,rank_prestige_27,rank_prestige_28,rank_prestige_29,rank_prestige_30
54,rank_prestige_0,rank_prestige_1,rank_prestige_2,rank_prestige_3,rank_prestige_4,rank_prestige_5,rank_prestige_6,rank_prestige_7,rank_prestige_8,rank_prestige_9,rank_prestige_10,rank_prestige_11,rank_prestige_12,rank_prestige_13,rank_prestige_14,rank_prestige_15,rank_prestige_16,rank_prestige_17,rank_prestige_18,rank_prestige_19,rank_prestige_20,rank_prestige_21,rank_prestige_22,rank_prestige_23,rank_prestige_24,rank_prestige_25,rank_prestige_26,rank_prestige_27,rank_prestige_28,rank_prestige_29,rank_prestige_30
maxprestige,30,
